SimulationTime(sec),Name,UUID,ForceIdentifier,EntitySymbol,PositionLat(deg),PositionLon(deg),PositionAlt(m),Orientation(deg),Speed(km/h),DamageState,Power,PowerDistribution,DetectedEntityID,DetectedEntityDistance(m),Echelon,MOS
30.000,R-1-1-Unit2,1d8f5bb0-e90a-4fea-9395-c468ec3727ba,2,SHG-UCI----D---,38.05888,127.17519,114.62606,154.68,0.0,NoDamage,100.00,[72;4;4;4;4;4;4;4],[],[],소대,보병
60.000,R-1-1-Unit2,1d8f5bb0-e90a-4fea-9395-c468ec3727ba,2,SHG-UCI----D---,38.05621,127.17552,200.00284,150.30,10.0,NoDamage,100.00,[72;4;4;4;4;4;4;4],[],[],소대,보병
90.000,R-1-1-Unit2,1d8f5bb0-e90a-4fea-9395-c468ec3727ba,2,SHG-UCI----D---,38.05452,127.17806,321.94604,120.90,10.0,NoDamage,100.00,[72;4;4;4;4;4;4;4],[],[],소대,보병
120.000,R-1-1-Unit2,1d8f5bb0-e90a-4fea-9395-c468ec3727ba,2,SHG-UCI----D---,38.05417,127.17935,351.09622,106.28,10.0,NoDamage,100.00,[72;4;4;4;4;4;4;4],[],[],소대,보병
150.000,R-1-1-Unit2,1d8f5bb0-e90a-4fea-9395-c468ec3727ba,2,SHG-UCI----D---,38.05417,127.17935,351.09622,286.29,0.0,NoDamage,100.00,[72;4;4;4;4;4;4;4],[],[],소대,보병
180.000,R-1-1-Unit2,1d8f5bb0-e90a-4fea-9395-c468ec3727ba,2,SHG-UCI----D---,38.05434,127.17926,348.96759,317.68,0.7,NoDamage,100.00,[72;4;4;4;4;4;4;4],[],[],소대,보병
210.000,R-1-1-Unit2,1d8f5bb0-e90a-4fea-9395-c468ec3727ba,2,SHG-UCI----D---,38.05450,127.17916,346.79407,317.16,0.7,NoDamage,100.00,[72;4;4;4;4;4;4;4],[],[],소대,보병
240.000,R-1-1-Unit2,1d8f5bb0-e90a-4fea-9395-c468ec3727ba,2,SHG-UCI----D---,38.05467,127.17907,341.03668,316.58,0.7,NoDamage,100.00,[72;4;4;4;4;4;4;4],[],[],소대,보병
270.000,R-1-1-Unit2,1d8f5bb0-e90a-4fea-9395-c468ec3727ba,2,SHG-UCI----D---,38.05483,127.17897,333.58975,315.93,0.7,NoDamage,100.00,[72;4;4;4;4;4;4;4],[],[],소대,보병
300.000,R-1-1-Unit2,1d8f5bb0-e90a-4fea-9395-c468ec3727ba,2,SHG-UCI----D---,38.05499,127.17886,326.50150,315.21,0.7,NoDamage,100.00,[72;4;4;4;4;4;4;4],[],[],소대,보병
330.000,R-1-1-Unit2,1d8f5bb0-e90a-4fea-9395-c468ec3727ba,2,SHG-UCI----D---,38.05514,127.17875,317.96600,314.39,0.7,NoDamage,100.00,[72;4;4;4;4;4;4;4],[],[],소대,보병
360.000,R-1-1-Unit2,1d8f5bb0-e90a-4fea-9395-c468ec3727ba,2,SHG-UCI----D---,38.05530,127.17864,309.16083,313.46,0.7,NoDamage,100.00,[72;4;4;4;4;4;4;4],[],[],소대,보병
390.000,R-1-1-Unit2,1d8f5bb0-e90a-4fea-9395-c468ec3727ba,2,SHG-UCI----D---,38.05545,127.17852,303.79736,312.37,0.7,NoDamage,100.00,[72;4;4;4;4;4;4;4],[],[],소대,보병
420.000,R-1-1-Unit2,1d8f5bb0-e90a-4fea-9395-c468ec3727ba,2,SHG-UCI----D---,38.05560,127.17839,299.93951,311.08,0.7,NoDamage,100.00,[72;4;4;4;4;4;4;4],[],[],소대,보병
450.000,R-1-1-Unit2,1d8f5bb0-e90a-4fea-9395-c468ec3727ba,2,SHG-UCI----D---,38.05575,127.17826,293.92706,309.52,0.7,NoDamage,100.00,[72;4;4;4;4;4;4;4],[],[],소대,보병
480.000,R-1-1-Unit2,1d8f5bb0-e90a-4fea-9395-c468ec3727ba,2,SHG-UCI----D---,38.05589,127.17811,282.82086,307.57,0.7,NoDamage,100.00,[72;4;4;4;4;4;4;4],[],[],소대,보병
510.000,R-1-1-Unit2,1d8f5bb0-e90a-4fea-9395-c468ec3727ba,2,SHG-UCI----D---,38.05602,127.17796,269.77643,305.06,0.7,NoDamage,100.00,[72;4;4;4;4;4;4;4],[],[],소대,보병
540.000,R-1-1-Unit2,1d8f5bb0-e90a-4fea-9395-c468ec3727ba,2,SHG-UCI----D---,38.05614,127.17779,253.65794,301.64,0.7,NoDamage,100.00,[72;4;4;4;4;4;4;4],[],[],소대,보병
570.000,R-1-1-Unit2,1d8f5bb0-e90a-4fea-9395-c468ec3727ba,2,SHG-UCI----D---,38.05624,127.17760,237.57170,296.57,0.7,NoDamage,100.00,[72;4;4;4;4;4;4;4],[],[],소대,보병
600.000,R-1-1-Unit2,1d8f5bb0-e90a-4fea-9395-c468ec3727ba,2,SHG-UCI----D---,38.05630,127.17738,224.44637,288.04,0.7,NoDamage,100.00,[72;4;4;4;4;4;4;4],[],[],소대,보병
630.000,R-1-1-Unit2,1d8f5bb0-e90a-4fea-9395-c468ec3727ba,2,SHG-UCI----D---,38.05630,127.17716,214.88348,270.24,0.7,NoDamage,100.00,[72;4;4;4;4;4;4;4],[],[],소대,보병
660.000,R-1-1-Unit2,1d8f5bb0-e90a-4fea-9395-c468ec3727ba,2,SHG-UCI----D---,38.05620,127.17697,211.63052,224.65,0.7,NoDamage,100.00,[72;4;4;4;4;4;4;4],[],[],소대,보병
690.000,R-1-1-Unit2,1d8f5bb0-e90a-4fea-9395-c468ec3727ba,2,SHG-UCI----D---,38.05603,127.17689,213.83504,173.68,0.7,NoDamage,100.00,[72;4;4;4;4;4;4;4],[],[],소대,보병
720.000,R-1-1-Unit2,1d8f5bb0-e90a-4fea-9395-c468ec3727ba,2,SHG-UCI----D---,38.05585,127.17688,217.36288,158.20,0.7,NoDamage,100.00,[72;4;4;4;4;4;4;4],[],[],소대,보병
750.000,R-1-1-Unit2,1d8f5bb0-e90a-4fea-9395-c468ec3727ba,2,SHG-UCI----D---,38.05570,127.17687,222.77199,155.67,0.7,NoDamage,100.00,[72;4;4;4;4;4;4;4],[],[],소대,보병
780.000,R-1-1-Unit2,1d8f5bb0-e90a-4fea-9395-c468ec3727ba,2,SHG-UCI----D---,38.05555,127.17687,231.19960,155.67,0.7,NoDamage,100.00,[72;4;4;4;4;4;4;4],[],[],소대,보병
810.000,R-1-1-Unit2,1d8f5bb0-e90a-4fea-9395-c468ec3727ba,2,SHG-UCI----D---,38.05540,127.17686,241.10439,155.67,0.7,NoDamage,100.00,[72;4;4;4;4;4;4;4],[],[],소대,보병
840.000,R-1-1-Unit2,1d8f5bb0-e90a-4fea-9395-c468ec3727ba,2,SHG-UCI----D---,38.05525,127.17686,251.23915,155.67,0.7,NoDamage,100.00,[72;4;4;4;4;4;4;4],[],[],소대,보병
870.000,R-1-1-Unit2,1d8f5bb0-e90a-4fea-9395-c468ec3727ba,2,SHG-UCI----D---,38.05511,127.17686,260.27130,155.67,0.7,NoDamage,100.00,[72;4;4;4;4;4;4;4],[],[],소대,보병
900.000,R-1-1-Unit2,1d8f5bb0-e90a-4fea-9395-c468ec3727ba,2,SHG-UCI----D---,38.05496,127.17685,269.07642,155.67,0.7,NoDamage,100.00,[72;4;4;4;4;4;4;4],[],[],소대,보병
930.000,R-1-1-Unit2,1d8f5bb0-e90a-4fea-9395-c468ec3727ba,2,SHG-UCI----D---,38.05481,127.17685,276.81638,155.67,0.7,NoDamage,100.00,[72;4;4;4;4;4;4;4],[],[],소대,보병
960.000,R-1-1-Unit2,1d8f5bb0-e90a-4fea-9395-c468ec3727ba,2,SHG-UCI----D---,38.05466,127.17684,283.84088,155.67,0.7,NoDamage,100.00,[72;4;4;4;4;4;4;4],[],[],소대,보병
990.000,R-1-1-Unit2,1d8f5bb0-e90a-4fea-9395-c468ec3727ba,2,SHG-UCI----D---,38.05451,127.17684,291.29861,155.67,0.7,NoDamage,100.00,[72;4;4;4;4;4;4;4],[],[],소대,보병
1020.000,R-1-1-Unit2,1d8f5bb0-e90a-4fea-9395-c468ec3727ba,2,SHG-UCI----D---,38.05436,127.17684,297.76373,155.67,0.7,NoDamage,100.00,[72;4;4;4;4;4;4;4],[],[],소대,보병
1050.000,R-1-1-Unit2,1d8f5bb0-e90a-4fea-9395-c468ec3727ba,2,SHG-UCI----D---,38.05421,127.17683,305.34845,155.67,0.7,NoDamage,100.00,[72;4;4;4;4;4;4;4],[],[],소대,보병
1080.000,R-1-1-Unit2,1d8f5bb0-e90a-4fea-9395-c468ec3727ba,2,SHG-UCI----D---,38.05406,127.17683,312.04529,155.67,0.7,NoDamage,100.00,[72;4;4;4;4;4;4;4],[],[],소대,보병
1110.000,R-1-1-Unit2,1d8f5bb0-e90a-4fea-9395-c468ec3727ba,2,SHG-UCI----D---,38.05391,127.17682,319.01221,155.67,0.7,NoDamage,100.00,[72;4;4;4;4;4;4;4],[],[],소대,보병
1140.000,R-1-1-Unit2,1d8f5bb0-e90a-4fea-9395-c468ec3727ba,2,SHG-UCI----D---,38.05376,127.17682,325.16199,155.67,0.7,NoDamage,100.00,[72;4;4;4;4;4;4;4],[],[],소대,보병
1170.000,R-1-1-Unit2,1d8f5bb0-e90a-4fea-9395-c468ec3727ba,2,SHG-UCI----D---,38.05361,127.17682,331.61237,155.67,0.7,NoDamage,100.00,[72;4;4;4;4;4;4;4],[],[],소대,보병
1200.000,R-1-1-Unit2,1d8f5bb0-e90a-4fea-9395-c468ec3727ba,2,SHG-UCI----D---,38.05346,127.17681,338.46735,155.67,0.7,NoDamage,100.00,[72;4;4;4;4;4;4;4],[],[],소대,보병
1230.000,R-1-1-Unit2,1d8f5bb0-e90a-4fea-9395-c468ec3727ba,2,SHG-UCI----D---,38.05331,127.17681,346.05612,155.67,0.7,NoDamage,100.00,[72;4;4;4;4;4;4;4],[],[],소대,보병
1260.000,R-1-1-Unit2,1d8f5bb0-e90a-4fea-9395-c468ec3727ba,2,SHG-UCI----D---,38.05316,127.17680,352.10077,155.67,0.7,NoDamage,100.00,[72;4;4;4;4;4;4;4],[],[],소대,보병
1290.000,R-1-1-Unit2,1d8f5bb0-e90a-4fea-9395-c468ec3727ba,2,SHG-UCI----D---,38.05301,127.17680,355.97980,155.67,0.7,NoDamage,100.00,[72;4;4;4;4;4;4;4],[],[],소대,보병
1320.000,R-1-1-Unit2,1d8f5bb0-e90a-4fea-9395-c468ec3727ba,2,SHG-UCI----D---,38.05286,127.17680,358.00409,155.67,0.7,NoDamage,100.00,[72;4;4;4;4;4;4;4],[],[],소대,보병
1350.000,R-1-1-Unit2,1d8f5bb0-e90a-4fea-9395-c468ec3727ba,2,SHG-UCI----D---,38.05271,127.17679,360.56549,155.67,0.7,NoDamage,100.00,[72;4;4;4;4;4;4;4],[],[],소대,보병
1380.000,R-1-1-Unit2,1d8f5bb0-e90a-4fea-9395-c468ec3727ba,2,SHG-UCI----D---,38.05256,127.17679,361.97437,155.67,0.7,NoDamage,100.00,[72;4;4;4;4;4;4;4],[],[],소대,보병
1410.000,R-1-1-Unit2,1d8f5bb0-e90a-4fea-9395-c468ec3727ba,2,SHG-UCI----D---,38.05241,127.17679,361.49036,155.67,0.7,NoDamage,100.00,[72;4;4;4;4;4;4;4],[],[],소대,보병
1440.000,R-1-1-Unit2,1d8f5bb0-e90a-4fea-9395-c468ec3727ba,2,SHG-UCI----D---,38.05226,127.17678,362.76569,155.67,0.7,NoDamage,100.00,[72;4;4;4;4;4;4;4],[],[],소대,보병
1470.000,R-1-1-Unit2,1d8f5bb0-e90a-4fea-9395-c468ec3727ba,2,SHG-UCI----D---,38.05211,127.17678,367.94449,155.67,0.7,NoDamage,100.00,[72;4;4;4;4;4;4;4],[],[],소대,보병
1500.000,R-1-1-Unit2,1d8f5bb0-e90a-4fea-9395-c468ec3727ba,2,SHG-UCI----D---,38.05196,127.17677,375.33606,155.67,0.7,NoDamage,100.00,[72;4;4;4;4;4;4;4],[],[],소대,보병
1530.000,R-1-1-Unit2,1d8f5bb0-e90a-4fea-9395-c468ec3727ba,2,SHG-UCI----D---,38.05181,127.17677,381.91467,155.67,0.7,NoDamage,100.00,[72;4;4;4;4;4;4;4],[],[],소대,보병
1560.000,R-1-1-Unit2,1d8f5bb0-e90a-4fea-9395-c468ec3727ba,2,SHG-UCI----D---,38.05166,127.17677,387.29272,155.67,0.7,NoDamage,100.00,[72;4;4;4;4;4;4;4],[],[],소대,보병
1590.000,R-1-1-Unit2,1d8f5bb0-e90a-4fea-9395-c468ec3727ba,2,SHG-UCI----D---,38.05151,127.17676,391.12799,155.67,0.7,NoDamage,100.00,[72;4;4;4;4;4;4;4],[],[],소대,보병
1620.000,R-1-1-Unit2,1d8f5bb0-e90a-4fea-9395-c468ec3727ba,2,SHG-UCI----D---,38.05136,127.17676,394.35880,155.67,0.7,NoDamage,100.00,[72;4;4;4;4;4;4;4],[],[],소대,보병
1650.000,R-1-1-Unit2,1d8f5bb0-e90a-4fea-9395-c468ec3727ba,2,SHG-UCI----D---,38.05121,127.17675,398.56601,155.67,0.7,NoDamage,100.00,[72;4;4;4;4;4;4;4],[],[],소대,보병
1680.000,R-1-1-Unit2,1d8f5bb0-e90a-4fea-9395-c468ec3727ba,2,SHG-UCI----D---,38.05106,127.17675,401.03265,155.67,0.7,NoDamage,100.00,[72;4;4;4;4;4;4;4],[],[],소대,보병
1710.000,R-1-1-Unit2,1d8f5bb0-e90a-4fea-9395-c468ec3727ba,2,SHG-UCI----D---,38.05091,127.17675,400.94250,155.67,0.7,NoDamage,100.00,[72;4;4;4;4;4;4;4],[],[],소대,보병
1740.000,R-1-1-Unit2,1d8f5bb0-e90a-4fea-9395-c468ec3727ba,2,SHG-UCI----D---,38.05076,127.17674,400.28351,155.67,0.7,NoDamage,100.00,[72;4;4;4;4;4;4;4],[],[],소대,보병
1770.000,R-1-1-Unit2,1d8f5bb0-e90a-4fea-9395-c468ec3727ba,2,SHG-UCI----D---,38.05061,127.17674,400.45108,155.67,0.7,NoDamage,100.00,[72;4;4;4;4;4;4;4],[],[],소대,보병
1800.000,R-1-1-Unit2,1d8f5bb0-e90a-4fea-9395-c468ec3727ba,2,SHG-UCI----D---,38.05046,127.17673,401.80115,155.68,0.7,NoDamage,100.00,[72;4;4;4;4;4;4;4],[],[],소대,보병
1830.000,R-1-1-Unit2,1d8f5bb0-e90a-4fea-9395-c468ec3727ba,2,SHG-UCI----D---,38.05032,127.17673,404.03281,155.68,0.7,NoDamage,100.00,[72;4;4;4;4;4;4;4],[],[],소대,보병
1860.000,R-1-1-Unit2,1d8f5bb0-e90a-4fea-9395-c468ec3727ba,2,SHG-UCI----D---,38.05017,127.17673,405.64120,155.68,0.7,NoDamage,100.00,[72;4;4;4;4;4;4;4],[],[],소대,보병
1890.000,R-1-1-Unit2,1d8f5bb0-e90a-4fea-9395-c468ec3727ba,2,SHG-UCI----D---,38.05002,127.17672,407.63202,155.68,0.7,NoDamage,100.00,[72;4;4;4;4;4;4;4],[],[],소대,보병
1920.000,R-1-1-Unit2,1d8f5bb0-e90a-4fea-9395-c468ec3727ba,2,SHG-UCI----D---,38.04987,127.17672,406.50546,155.68,0.7,NoDamage,100.00,[72;4;4;4;4;4;4;4],[],[],소대,보병
1950.000,R-1-1-Unit2,1d8f5bb0-e90a-4fea-9395-c468ec3727ba,2,SHG-UCI----D---,38.04972,127.17671,403.43518,155.68,0.7,NoDamage,100.00,[72;4;4;4;4;4;4;4],[],[],소대,보병
1980.000,R-1-1-Unit2,1d8f5bb0-e90a-4fea-9395-c468ec3727ba,2,SHG-UCI----D---,38.04957,127.17671,400.01492,155.68,0.7,NoDamage,100.00,[72;4;4;4;4;4;4;4],[],[],소대,보병
2010.000,R-1-1-Unit2,1d8f5bb0-e90a-4fea-9395-c468ec3727ba,2,SHG-UCI----D---,38.04942,127.17671,397.35654,155.68,0.7,NoDamage,100.00,[72;4;4;4;4;4;4;4],[],[],소대,보병
2040.000,R-1-1-Unit2,1d8f5bb0-e90a-4fea-9395-c468ec3727ba,2,SHG-UCI----D---,38.04927,127.17670,397.88071,155.68,0.7,NoDamage,100.00,[72;4;4;4;4;4;4;4],[],[],소대,보병
2070.000,R-1-1-Unit2,1d8f5bb0-e90a-4fea-9395-c468ec3727ba,2,SHG-UCI----D---,38.04912,127.17670,402.50134,155.68,0.7,NoDamage,100.00,[72;4;4;4;4;4;4;4],[],[],소대,보병
2100.000,R-1-1-Unit2,1d8f5bb0-e90a-4fea-9395-c468ec3727ba,2,SHG-UCI----D---,38.04897,127.17669,407.25189,155.68,0.7,NoDamage,100.00,[72;4;4;4;4;4;4;4],[],[],소대,보병
2130.000,R-1-1-Unit2,1d8f5bb0-e90a-4fea-9395-c468ec3727ba,2,SHG-UCI----D---,38.04882,127.17669,410.54541,155.68,0.7,NoDamage,100.00,[72;4;4;4;4;4;4;4],[],[],소대,보병
2160.000,R-1-1-Unit2,1d8f5bb0-e90a-4fea-9395-c468ec3727ba,2,SHG-UCI----D---,38.04867,127.17669,411.29395,155.68,0.7,NoDamage,100.00,[72;4;4;4;4;4;4;4],[],[],소대,보병
2190.000,R-1-1-Unit2,1d8f5bb0-e90a-4fea-9395-c468ec3727ba,2,SHG-UCI----D---,38.04852,127.17668,408.55310,155.68,0.7,NoDamage,100.00,[72;4;4;4;4;4;4;4],[],[],소대,보병
2220.000,R-1-1-Unit2,1d8f5bb0-e90a-4fea-9395-c468ec3727ba,2,SHG-UCI----D---,38.04837,127.17668,405.92499,155.68,0.7,NoDamage,100.00,[72;4;4;4;4;4;4;4],[],[],소대,보병
2250.000,R-1-1-Unit2,1d8f5bb0-e90a-4fea-9395-c468ec3727ba,2,SHG-UCI----D---,38.04822,127.17668,404.31183,155.68,0.7,NoDamage,100.00,[72;4;4;4;4;4;4;4],[],[],소대,보병
2280.000,R-1-1-Unit2,1d8f5bb0-e90a-4fea-9395-c468ec3727ba,2,SHG-UCI----D---,38.04807,127.17667,402.82605,155.68,0.7,NoDamage,100.00,[72;4;4;4;4;4;4;4],[],[],소대,보병
2310.000,R-1-1-Unit2,1d8f5bb0-e90a-4fea-9395-c468ec3727ba,2,SHG-UCI----D---,38.04792,127.17667,403.98553,155.68,0.7,NoDamage,100.00,[72;4;4;4;4;4;4;4],[],[],소대,보병
2340.000,R-1-1-Unit2,1d8f5bb0-e90a-4fea-9395-c468ec3727ba,2,SHG-UCI----D---,38.04777,127.17666,407.27869,155.68,0.7,NoDamage,100.00,[72;4;4;4;4;4;4;4],[],[],소대,보병
2370.000,R-1-1-Unit2,1d8f5bb0-e90a-4fea-9395-c468ec3727ba,2,SHG-UCI----D---,38.04762,127.17666,413.84848,155.68,0.7,NoDamage,100.00,[72;4;4;4;4;4;4;4],[],[],소대,보병
2400.000,R-1-1-Unit2,1d8f5bb0-e90a-4fea-9395-c468ec3727ba,2,SHG-UCI----D---,38.04747,127.17666,420.78641,155.68,0.7,NoDamage,100.00,[72;4;4;4;4;4;4;4],[],[],소대,보병
2430.000,R-1-1-Unit2,1d8f5bb0-e90a-4fea-9395-c468ec3727ba,2,SHG-UCI----D---,38.04732,127.17665,427.65982,155.68,0.7,NoDamage,100.00,[72;4;4;4;4;4;4;4],[],[],소대,보병
2460.000,R-1-1-Unit2,1d8f5bb0-e90a-4fea-9395-c468ec3727ba,2,SHG-UCI----D---,38.04717,127.17665,434.30469,155.68,0.7,NoDamage,100.00,[72;4;4;4;4;4;4;4],[],[],소대,보병
2490.000,R-1-1-Unit2,1d8f5bb0-e90a-4fea-9395-c468ec3727ba,2,SHG-UCI----D---,38.04702,127.17664,439.06891,155.68,0.7,NoDamage,100.00,[72;4;4;4;4;4;4;4],[],[],소대,보병
2520.000,R-1-1-Unit2,1d8f5bb0-e90a-4fea-9395-c468ec3727ba,2,SHG-UCI----D---,38.04687,127.17664,452.76700,155.68,0.7,NoDamage,100.00,[72;4;4;4;4;4;4;4],[],[],소대,보병
2550.000,R-1-1-Unit2,1d8f5bb0-e90a-4fea-9395-c468ec3727ba,2,SHG-UCI----D---,38.04672,127.17664,462.62744,155.68,0.7,NoDamage,100.00,[72;4;4;4;4;4;4;4],[],[],소대,보병
2580.000,R-1-1-Unit2,1d8f5bb0-e90a-4fea-9395-c468ec3727ba,2,SHG-UCI----D---,38.04657,127.17663,472.51178,155.68,0.7,NoDamage,100.00,[72;4;4;4;4;4;4;4],[],[],소대,보병
2610.000,R-1-1-Unit2,1d8f5bb0-e90a-4fea-9395-c468ec3727ba,2,SHG-UCI----D---,38.04642,127.17663,485.43130,155.68,0.7,NoDamage,100.00,[72;4;4;4;4;4;4;4],[],[],소대,보병
2640.000,R-1-1-Unit2,1d8f5bb0-e90a-4fea-9395-c468ec3727ba,2,SHG-UCI----D---,38.04627,127.17662,497.31079,155.68,0.7,NoDamage,100.00,[72;4;4;4;4;4;4;4],[],[],소대,보병
2670.000,R-1-1-Unit2,1d8f5bb0-e90a-4fea-9395-c468ec3727ba,2,SHG-UCI----D---,38.04612,127.17662,505.37320,155.68,0.7,NoDamage,100.00,[72;4;4;4;4;4;4;4],[],[],소대,보병
2700.000,R-1-1-Unit2,1d8f5bb0-e90a-4fea-9395-c468ec3727ba,2,SHG-UCI----D---,38.04597,127.17662,510.51337,155.68,0.7,NoDamage,100.00,[72;4;4;4;4;4;4;4],[],[],소대,보병
2730.000,R-1-1-Unit2,1d8f5bb0-e90a-4fea-9395-c468ec3727ba,2,SHG-UCI----D---,38.04582,127.17661,511.76559,155.68,0.7,NoDamage,100.00,[72;4;4;4;4;4;4;4],[],[],소대,보병
2760.000,R-1-1-Unit2,1d8f5bb0-e90a-4fea-9395-c468ec3727ba,2,SHG-UCI----D---,38.04568,127.17661,501.13358,155.68,0.7,NoDamage,100.00,[72;4;4;4;4;4;4;4],[],[],소대,보병
2790.000,R-1-1-Unit2,1d8f5bb0-e90a-4fea-9395-c468ec3727ba,2,SHG-UCI----D---,38.04553,127.17660,488.58356,155.68,0.7,NoDamage,100.00,[72;4;4;4;4;4;4;4],[],[],소대,보병
2820.000,R-1-1-Unit2,1d8f5bb0-e90a-4fea-9395-c468ec3727ba,2,SHG-UCI----D---,38.04538,127.17660,476.62210,155.68,0.7,NoDamage,100.00,[72;4;4;4;4;4;4;4],[],[],소대,보병
2850.000,R-1-1-Unit2,1d8f5bb0-e90a-4fea-9395-c468ec3727ba,2,SHG-UCI----D---,38.04523,127.17660,467.11111,155.68,0.7,NoDamage,100.00,[72;4;4;4;4;4;4;4],[],[],소대,보병
2880.000,R-1-1-Unit2,1d8f5bb0-e90a-4fea-9395-c468ec3727ba,2,SHG-UCI----D---,38.04508,127.17659,458.01776,155.68,0.7,NoDamage,100.00,[72;4;4;4;4;4;4;4],[],[],소대,보병
2910.000,R-1-1-Unit2,1d8f5bb0-e90a-4fea-9395-c468ec3727ba,2,SHG-UCI----D---,38.04493,127.17659,447.98801,155.68,0.7,NoDamage,100.00,[72;4;4;4;4;4;4;4],[],[],소대,보병
2940.000,R-1-1-Unit2,1d8f5bb0-e90a-4fea-9395-c468ec3727ba,2,SHG-UCI----D---,38.04478,127.17658,438.60269,155.68,0.7,NoDamage,100.00,[72;4;4;4;4;4;4;4],[],[],소대,보병
2970.000,R-1-1-Unit2,1d8f5bb0-e90a-4fea-9395-c468ec3727ba,2,SHG-UCI----D---,38.04463,127.17658,430.65457,155.68,0.7,NoDamage,100.00,[72;4;4;4;4;4;4;4],[],[],소대,보병
3000.000,R-1-1-Unit2,1d8f5bb0-e90a-4fea-9395-c468ec3727ba,2,SHG-UCI----D---,38.04448,127.17658,427.52435,155.68,0.7,NoDamage,100.00,[72;4;4;4;4;4;4;4],[],[],소대,보병
3030.000,R-1-1-Unit2,1d8f5bb0-e90a-4fea-9395-c468ec3727ba,2,SHG-UCI----D---,38.04433,127.17657,425.69141,155.68,0.7,NoDamage,100.00,[72;4;4;4;4;4;4;4],[],[],소대,보병
3060.000,R-1-1-Unit2,1d8f5bb0-e90a-4fea-9395-c468ec3727ba,2,SHG-UCI----D---,38.04418,127.17657,424.35315,155.68,0.7,NoDamage,100.00,[72;4;4;4;4;4;4;4],[],[],소대,보병
3090.000,R-1-1-Unit2,1d8f5bb0-e90a-4fea-9395-c468ec3727ba,2,SHG-UCI----D---,38.04403,127.17657,425.54431,155.68,0.7,NoDamage,100.00,[72;4;4;4;4;4;4;4],[],[],소대,보병
3120.000,R-1-1-Unit2,1d8f5bb0-e90a-4fea-9395-c468ec3727ba,2,SHG-UCI----D---,38.04388,127.17656,429.14160,155.68,0.7,NoDamage,100.00,[72;4;4;4;4;4;4;4],[],[],소대,보병
3150.000,R-1-1-Unit2,1d8f5bb0-e90a-4fea-9395-c468ec3727ba,2,SHG-UCI----D---,38.04373,127.17656,434.07385,155.68,0.7,NoDamage,100.00,[72;4;4;4;4;4;4;4],[],[],소대,보병
3180.000,R-1-1-Unit2,1d8f5bb0-e90a-4fea-9395-c468ec3727ba,2,SHG-UCI----D---,38.04358,127.17655,440.08636,155.68,0.7,NoDamage,100.00,[72;4;4;4;4;4;4;4],[],[],소대,보병
3210.000,R-1-1-Unit2,1d8f5bb0-e90a-4fea-9395-c468ec3727ba,2,SHG-UCI----D---,38.04343,127.17655,449.10162,155.68,0.7,NoDamage,100.00,[72;4;4;4;4;4;4;4],[],[],소대,보병
3240.000,R-1-1-Unit2,1d8f5bb0-e90a-4fea-9395-c468ec3727ba,2,SHG-UCI----D---,38.04328,127.17655,455.99225,155.68,0.7,NoDamage,100.00,[72;4;4;4;4;4;4;4],[],[],소대,보병
3270.000,R-1-1-Unit2,1d8f5bb0-e90a-4fea-9395-c468ec3727ba,2,SHG-UCI----D---,38.04313,127.17654,453.06299,155.68,0.7,NoDamage,100.00,[72;4;4;4;4;4;4;4],[],[],소대,보병
3300.000,R-1-1-Unit2,1d8f5bb0-e90a-4fea-9395-c468ec3727ba,2,SHG-UCI----D---,38.04298,127.17654,443.28415,155.68,0.7,NoDamage,100.00,[72;4;4;4;4;4;4;4],[],[],소대,보병
3330.000,R-1-1-Unit2,1d8f5bb0-e90a-4fea-9395-c468ec3727ba,2,SHG-UCI----D---,38.04283,127.17653,432.17249,155.68,0.7,NoDamage,100.00,[72;4;4;4;4;4;4;4],[],[],소대,보병
3360.000,R-1-1-Unit2,1d8f5bb0-e90a-4fea-9395-c468ec3727ba,2,SHG-UCI----D---,38.04268,127.17653,421.23648,155.68,0.7,NoDamage,100.00,[72;4;4;4;4;4;4;4],[],[],소대,보병
3390.000,R-1-1-Unit2,1d8f5bb0-e90a-4fea-9395-c468ec3727ba,2,SHG-UCI----D---,38.04253,127.17653,419.36987,155.68,0.7,NoDamage,100.00,[72;4;4;4;4;4;4;4],[],[],소대,보병
3420.000,R-1-1-Unit2,1d8f5bb0-e90a-4fea-9395-c468ec3727ba,2,SHG-UCI----D---,38.04238,127.17652,420.75562,155.68,0.7,NoDamage,100.00,[72;4;4;4;4;4;4;4],[],[],소대,보병
3450.000,R-1-1-Unit2,1d8f5bb0-e90a-4fea-9395-c468ec3727ba,2,SHG-UCI----D---,38.04223,127.17652,423.37262,155.68,0.7,NoDamage,100.00,[72;4;4;4;4;4;4;4],[],[],소대,보병
3480.000,R-1-1-Unit2,1d8f5bb0-e90a-4fea-9395-c468ec3727ba,2,SHG-UCI----D---,38.04208,127.17651,426.46063,155.68,0.7,NoDamage,100.00,[72;4;4;4;4;4;4;4],[],[],소대,보병
3510.000,R-1-1-Unit2,1d8f5bb0-e90a-4fea-9395-c468ec3727ba,2,SHG-UCI----D---,38.04193,127.17651,430.76501,155.68,0.7,NoDamage,100.00,[72;4;4;4;4;4;4;4],[],[],소대,보병
3540.000,R-1-1-Unit2,1d8f5bb0-e90a-4fea-9395-c468ec3727ba,2,SHG-UCI----D---,38.04178,127.17651,428.18243,155.68,0.7,NoDamage,100.00,[72;4;4;4;4;4;4;4],[],[],소대,보병
3570.000,R-1-1-Unit2,1d8f5bb0-e90a-4fea-9395-c468ec3727ba,2,SHG-UCI----D---,38.04163,127.17650,421.28656,155.68,0.7,NoDamage,100.00,[72;4;4;4;4;4;4;4],[],[],소대,보병
3600.000,R-1-1-Unit2,1d8f5bb0-e90a-4fea-9395-c468ec3727ba,2,SHG-UCI----D---,38.04148,127.17650,412.73117,155.68,0.7,NoDamage,100.00,[72;4;4;4;4;4;4;4],[],[],소대,보병
3630.000,R-1-1-Unit2,1d8f5bb0-e90a-4fea-9395-c468ec3727ba,2,SHG-UCI----D---,38.04133,127.17649,401.33206,155.68,0.7,NoDamage,100.00,[72;4;4;4;4;4;4;4],[],[],소대,보병
3660.000,R-1-1-Unit2,1d8f5bb0-e90a-4fea-9395-c468ec3727ba,2,SHG-UCI----D---,38.04118,127.17649,389.88422,155.68,0.7,NoDamage,100.00,[72;4;4;4;4;4;4;4],[],[],소대,보병
3690.000,R-1-1-Unit2,1d8f5bb0-e90a-4fea-9395-c468ec3727ba,2,SHG-UCI----D---,38.04103,127.17649,378.44467,155.68,0.7,NoDamage,100.00,[72;4;4;4;4;4;4;4],[],[],소대,보병
3720.000,R-1-1-Unit2,1d8f5bb0-e90a-4fea-9395-c468ec3727ba,2,SHG-UCI----D---,38.04089,127.17648,367.03073,155.68,0.7,NoDamage,100.00,[72;4;4;4;4;4;4;4],[],[],소대,보병
3750.000,R-1-1-Unit2,1d8f5bb0-e90a-4fea-9395-c468ec3727ba,2,SHG-UCI----D---,38.04074,127.17648,356.46436,155.68,0.7,NoDamage,100.00,[72;4;4;4;4;4;4;4],[],[],소대,보병
3780.000,R-1-1-Unit2,1d8f5bb0-e90a-4fea-9395-c468ec3727ba,2,SHG-UCI----D---,38.04059,127.17647,347.16641,155.68,0.7,NoDamage,100.00,[72;4;4;4;4;4;4;4],[],[],소대,보병
3810.000,R-1-1-Unit2,1d8f5bb0-e90a-4fea-9395-c468ec3727ba,2,SHG-UCI----D---,38.04044,127.17647,337.17163,155.68,0.7,NoDamage,100.00,[72;4;4;4;4;4;4;4],[],[],소대,보병
3840.000,R-1-1-Unit2,1d8f5bb0-e90a-4fea-9395-c468ec3727ba,2,SHG-UCI----D---,38.04029,127.17647,328.32935,155.68,0.7,NoDamage,100.00,[72;4;4;4;4;4;4;4],[],[],소대,보병
3870.000,R-1-1-Unit2,1d8f5bb0-e90a-4fea-9395-c468ec3727ba,2,SHG-UCI----D---,38.04014,127.17646,319.96112,155.68,0.7,NoDamage,100.00,[72;4;4;4;4;4;4;4],[],[],소대,보병
3900.000,R-1-1-Unit2,1d8f5bb0-e90a-4fea-9395-c468ec3727ba,2,SHG-UCI----D---,38.03999,127.17646,310.85590,155.68,0.7,NoDamage,100.00,[72;4;4;4;4;4;4;4],[],[],소대,보병
3930.000,R-1-1-Unit2,1d8f5bb0-e90a-4fea-9395-c468ec3727ba,2,SHG-UCI----D---,38.03984,127.17645,300.37317,155.68,0.7,NoDamage,100.00,[72;4;4;4;4;4;4;4],[],[],소대,보병
3960.000,R-1-1-Unit2,1d8f5bb0-e90a-4fea-9395-c468ec3727ba,2,SHG-UCI----D---,38.03969,127.17645,292.17249,155.68,0.7,NoDamage,100.00,[72;4;4;4;4;4;4;4],[],[],소대,보병
3990.000,R-1-1-Unit2,1d8f5bb0-e90a-4fea-9395-c468ec3727ba,2,SHG-UCI----D---,38.03954,127.17645,289.13162,155.68,0.7,NoDamage,100.00,[72;4;4;4;4;4;4;4],[],[],소대,보병
4020.000,R-1-1-Unit2,1d8f5bb0-e90a-4fea-9395-c468ec3727ba,2,SHG-UCI----D---,38.03939,127.17644,287.17389,155.68,0.7,NoDamage,100.00,[72;4;4;4;4;4;4;4],[],[],소대,보병
4050.000,R-1-1-Unit2,1d8f5bb0-e90a-4fea-9395-c468ec3727ba,2,SHG-UCI----D---,38.03924,127.17644,286.83246,155.68,0.7,NoDamage,100.00,[72;4;4;4;4;4;4;4],[],[],소대,보병
4080.000,R-1-1-Unit2,1d8f5bb0-e90a-4fea-9395-c468ec3727ba,2,SHG-UCI----D---,38.03909,127.17644,289.59677,155.68,0.7,NoDamage,100.00,[72;4;4;4;4;4;4;4],[],[],소대,보병
4110.000,R-1-1-Unit2,1d8f5bb0-e90a-4fea-9395-c468ec3727ba,2,SHG-UCI----D---,38.03894,127.17643,295.71741,155.68,0.7,NoDamage,100.00,[72;4;4;4;4;4;4;4],[],[],소대,보병
4140.000,R-1-1-Unit2,1d8f5bb0-e90a-4fea-9395-c468ec3727ba,2,SHG-UCI----D---,38.03879,127.17643,301.67856,155.68,0.7,NoDamage,100.00,[72;4;4;4;4;4;4;4],[],[],소대,보병
4170.000,R-1-1-Unit2,1d8f5bb0-e90a-4fea-9395-c468ec3727ba,2,SHG-UCI----D---,38.03864,127.17642,302.58658,155.68,0.7,NoDamage,100.00,[72;4;4;4;4;4;4;4],[],[],소대,보병
4200.000,R-1-1-Unit2,1d8f5bb0-e90a-4fea-9395-c468ec3727ba,2,SHG-UCI----D---,38.03849,127.17642,297.97296,155.68,0.7,NoDamage,100.00,[72;4;4;4;4;4;4;4],[],[],소대,보병
4230.000,R-1-1-Unit2,1d8f5bb0-e90a-4fea-9395-c468ec3727ba,2,SHG-UCI----D---,38.03834,127.17642,288.76346,155.68,0.7,NoDamage,100.00,[72;4;4;4;4;4;4;4],[],[],소대,보병
4260.000,R-1-1-Unit2,1d8f5bb0-e90a-4fea-9395-c468ec3727ba,2,SHG-UCI----D---,38.03819,127.17641,282.61771,155.68,0.7,NoDamage,100.00,[72;4;4;4;4;4;4;4],[],[],소대,보병
4290.000,R-1-1-Unit2,1d8f5bb0-e90a-4fea-9395-c468ec3727ba,2,SHG-UCI----D---,38.03804,127.17641,286.40869,155.68,0.7,NoDamage,100.00,[72;4;4;4;4;4;4;4],[],[],소대,보병
4320.000,R-1-1-Unit2,1d8f5bb0-e90a-4fea-9395-c468ec3727ba,2,SHG-UCI----D---,38.03789,127.17640,294.66974,155.69,0.7,NoDamage,100.00,[72;4;4;4;4;4;4;4],[],[],소대,보병
4350.000,R-1-1-Unit2,1d8f5bb0-e90a-4fea-9395-c468ec3727ba,2,SHG-UCI----D---,38.03774,127.17640,303.78113,155.69,0.7,NoDamage,100.00,[72;4;4;4;4;4;4;4],[],[],소대,보병
4380.000,R-1-1-Unit2,1d8f5bb0-e90a-4fea-9395-c468ec3727ba,2,SHG-UCI----D---,38.03759,127.17640,309.71811,155.69,0.7,NoDamage,100.00,[72;4;4;4;4;4;4;4],[],[],소대,보병
4410.000,R-1-1-Unit2,1d8f5bb0-e90a-4fea-9395-c468ec3727ba,2,SHG-UCI----D---,38.03744,127.17639,308.62982,155.69,0.7,NoDamage,100.00,[72;4;4;4;4;4;4;4],[],[],소대,보병
4440.000,R-1-1-Unit2,1d8f5bb0-e90a-4fea-9395-c468ec3727ba,2,SHG-UCI----D---,38.03729,127.17639,304.99771,155.69,0.7,NoDamage,100.00,[72;4;4;4;4;4;4;4],[],[],소대,보병
4470.000,R-1-1-Unit2,1d8f5bb0-e90a-4fea-9395-c468ec3727ba,2,SHG-UCI----D---,38.03714,127.17638,300.66980,155.69,0.7,NoDamage,100.00,[72;4;4;4;4;4;4;4],[],[],소대,보병
4500.000,R-1-1-Unit2,1d8f5bb0-e90a-4fea-9395-c468ec3727ba,2,SHG-UCI----D---,38.03699,127.17638,296.64923,155.69,0.7,NoDamage,100.00,[72;4;4;4;4;4;4;4],[],[],소대,보병
4530.000,R-1-1-Unit2,1d8f5bb0-e90a-4fea-9395-c468ec3727ba,2,SHG-UCI----D---,38.03684,127.17638,291.94540,155.69,0.7,NoDamage,100.00,[72;4;4;4;4;4;4;4],[],[],소대,보병
4560.000,R-1-1-Unit2,1d8f5bb0-e90a-4fea-9395-c468ec3727ba,2,SHG-UCI----D---,38.03669,127.17637,289.87891,155.69,0.7,NoDamage,100.00,[72;4;4;4;4;4;4;4],[],[],소대,보병
4590.000,R-1-1-Unit2,1d8f5bb0-e90a-4fea-9395-c468ec3727ba,2,SHG-UCI----D---,38.03654,127.17637,292.94629,155.69,0.7,NoDamage,100.00,[72;4;4;4;4;4;4;4],[],[],소대,보병
4620.000,R-1-1-Unit2,1d8f5bb0-e90a-4fea-9395-c468ec3727ba,2,SHG-UCI----D---,38.03639,127.17636,299.11670,155.69,0.7,NoDamage,100.00,[72;4;4;4;4;4;4;4],[],[],소대,보병
4650.000,R-1-1-Unit2,1d8f5bb0-e90a-4fea-9395-c468ec3727ba,2,SHG-UCI----D---,38.03624,127.17636,305.60776,155.69,0.7,NoDamage,100.00,[72;4;4;4;4;4;4;4],[],[],소대,보병
4680.000,R-1-1-Unit2,1d8f5bb0-e90a-4fea-9395-c468ec3727ba,2,SHG-UCI----D---,38.03610,127.17636,310.39972,155.69,0.7,NoDamage,100.00,[72;4;4;4;4;4;4;4],[],[],소대,보병
4710.000,R-1-1-Unit2,1d8f5bb0-e90a-4fea-9395-c468ec3727ba,2,SHG-UCI----D---,38.03595,127.17635,311.67950,155.69,0.7,NoDamage,100.00,[72;4;4;4;4;4;4;4],[],[],소대,보병
4740.000,R-1-1-Unit2,1d8f5bb0-e90a-4fea-9395-c468ec3727ba,2,SHG-UCI----D---,38.03580,127.17635,311.95975,155.69,0.7,NoDamage,100.00,[72;4;4;4;4;4;4;4],[],[],소대,보병
4770.000,R-1-1-Unit2,1d8f5bb0-e90a-4fea-9395-c468ec3727ba,2,SHG-UCI----D---,38.03565,127.17634,312.86179,155.69,0.7,NoDamage,100.00,[72;4;4;4;4;4;4;4],[],[],소대,보병
4800.000,R-1-1-Unit2,1d8f5bb0-e90a-4fea-9395-c468ec3727ba,2,SHG-UCI----D---,38.03550,127.17634,314.46320,155.69,0.7,NoDamage,100.00,[72;4;4;4;4;4;4;4],[],[],소대,보병
4830.000,R-1-1-Unit2,1d8f5bb0-e90a-4fea-9395-c468ec3727ba,2,SHG-UCI----D---,38.03535,127.17634,313.91678,155.69,0.7,NoDamage,100.00,[72;4;4;4;4;4;4;4],[],[],소대,보병
4860.000,R-1-1-Unit2,1d8f5bb0-e90a-4fea-9395-c468ec3727ba,2,SHG-UCI----D---,38.03520,127.17633,313.05005,155.69,0.7,NoDamage,100.00,[72;4;4;4;4;4;4;4],[],[],소대,보병
4890.000,R-1-1-Unit2,1d8f5bb0-e90a-4fea-9395-c468ec3727ba,2,SHG-UCI----D---,38.03505,127.17633,312.67047,155.69,0.7,NoDamage,100.00,[72;4;4;4;4;4;4;4],[],[],소대,보병
4920.000,R-1-1-Unit2,1d8f5bb0-e90a-4fea-9395-c468ec3727ba,2,SHG-UCI----D---,38.03490,127.17633,309.98517,155.69,0.7,NoDamage,100.00,[72;4;4;4;4;4;4;4],[],[],소대,보병
4950.000,R-1-1-Unit2,1d8f5bb0-e90a-4fea-9395-c468ec3727ba,2,SHG-UCI----D---,38.03475,127.17632,302.03290,155.69,0.7,NoDamage,100.00,[72;4;4;4;4;4;4;4],[],[],소대,보병
4980.000,R-1-1-Unit2,1d8f5bb0-e90a-4fea-9395-c468ec3727ba,2,SHG-UCI----D---,38.03460,127.17632,291.88794,155.69,0.7,NoDamage,100.00,[72;4;4;4;4;4;4;4],[],[],소대,보병
5010.000,R-1-1-Unit2,1d8f5bb0-e90a-4fea-9395-c468ec3727ba,2,SHG-UCI----D---,38.03445,127.17631,282.62170,155.69,0.7,NoDamage,100.00,[72;4;4;4;4;4;4;4],[],[],소대,보병
5040.000,R-1-1-Unit2,1d8f5bb0-e90a-4fea-9395-c468ec3727ba,2,SHG-UCI----D---,38.03430,127.17631,276.30402,155.69,0.7,NoDamage,100.00,[72;4;4;4;4;4;4;4],[],[],소대,보병
5070.000,R-1-1-Unit2,1d8f5bb0-e90a-4fea-9395-c468ec3727ba,2,SHG-UCI----D---,38.03415,127.17631,272.07550,155.69,0.7,NoDamage,100.00,[72;4;4;4;4;4;4;4],[],[],소대,보병
5100.000,R-1-1-Unit2,1d8f5bb0-e90a-4fea-9395-c468ec3727ba,2,SHG-UCI----D---,38.03400,127.17630,266.77301,155.69,0.7,NoDamage,100.00,[72;4;4;4;4;4;4;4],[],[],소대,보병
5130.000,R-1-1-Unit2,1d8f5bb0-e90a-4fea-9395-c468ec3727ba,2,SHG-UCI----D---,38.03385,127.17630,257.51874,155.69,0.7,NoDamage,100.00,[72;4;4;4;4;4;4;4],[],[],소대,보병
5160.000,R-1-1-Unit2,1d8f5bb0-e90a-4fea-9395-c468ec3727ba,2,SHG-UCI----D---,38.03370,127.17629,246.66995,155.69,0.7,NoDamage,100.00,[72;4;4;4;4;4;4;4],[],[],소대,보병
5190.000,R-1-1-Unit2,1d8f5bb0-e90a-4fea-9395-c468ec3727ba,2,SHG-UCI----D---,38.03355,127.17629,236.56409,155.69,0.7,NoDamage,100.00,[72;4;4;4;4;4;4;4],[],[],소대,보병
5220.000,R-1-1-Unit2,1d8f5bb0-e90a-4fea-9395-c468ec3727ba,2,SHG-UCI----D---,38.03340,127.17629,226.27750,155.69,0.7,NoDamage,100.00,[72;4;4;4;4;4;4;4],[],[],소대,보병
5250.000,R-1-1-Unit2,1d8f5bb0-e90a-4fea-9395-c468ec3727ba,2,SHG-UCI----D---,38.03325,127.17628,217.01849,155.69,0.7,NoDamage,100.00,[72;4;4;4;4;4;4;4],[],[],소대,보병
5280.000,R-1-1-Unit2,1d8f5bb0-e90a-4fea-9395-c468ec3727ba,2,SHG-UCI----D---,38.03310,127.17628,209.21201,155.69,0.7,NoDamage,100.00,[72;4;4;4;4;4;4;4],[],[],소대,보병
5310.000,R-1-1-Unit2,1d8f5bb0-e90a-4fea-9395-c468ec3727ba,2,SHG-UCI----D---,38.03295,127.17627,202.32414,155.69,0.7,NoDamage,100.00,[72;4;4;4;4;4;4;4],[],[],소대,보병
5340.000,R-1-1-Unit2,1d8f5bb0-e90a-4fea-9395-c468ec3727ba,2,SHG-UCI----D---,38.03280,127.17627,194.27075,155.69,0.7,NoDamage,100.00,[72;4;4;4;4;4;4;4],[],[],소대,보병
5370.000,R-1-1-Unit2,1d8f5bb0-e90a-4fea-9395-c468ec3727ba,2,SHG-UCI----D---,38.03265,127.17627,185.99757,155.69,0.7,NoDamage,100.00,[72;4;4;4;4;4;4;4],[],[],소대,보병
5400.000,R-1-1-Unit2,1d8f5bb0-e90a-4fea-9395-c468ec3727ba,2,SHG-UCI----D---,38.03250,127.17626,178.15416,155.69,0.7,NoDamage,100.00,[72;4;4;4;4;4;4;4],[],[],소대,보병
5430.000,R-1-1-Unit2,1d8f5bb0-e90a-4fea-9395-c468ec3727ba,2,SHG-UCI----D---,38.03235,127.17626,170.31073,155.69,0.7,NoDamage,100.00,[72;4;4;4;4;4;4;4],[],[],소대,보병
5460.000,R-1-1-Unit2,1d8f5bb0-e90a-4fea-9395-c468ec3727ba,2,SHG-UCI----D---,38.03220,127.17625,161.73616,155.69,0.7,NoDamage,100.00,[72;4;4;4;4;4;4;4],[],[],소대,보병
5490.000,R-1-1-Unit2,1d8f5bb0-e90a-4fea-9395-c468ec3727ba,2,SHG-UCI----D---,38.03205,127.17625,150.47765,155.69,0.7,NoDamage,100.00,[72;4;4;4;4;4;4;4],[],[],소대,보병
5520.000,R-1-1-Unit2,1d8f5bb0-e90a-4fea-9395-c468ec3727ba,2,SHG-UCI----D---,38.03190,127.17625,137.03285,155.69,0.7,NoDamage,100.00,[72;4;4;4;4;4;4;4],[],[],소대,보병
5550.000,R-1-1-Unit2,1d8f5bb0-e90a-4fea-9395-c468ec3727ba,2,SHG-UCI----D---,38.03175,127.17624,123.15298,155.69,0.7,NoDamage,100.00,[72;4;4;4;4;4;4;4],[],[],소대,보병
5580.000,R-1-1-Unit2,1d8f5bb0-e90a-4fea-9395-c468ec3727ba,2,SHG-UCI----D---,38.03160,127.17624,110.91711,155.69,0.7,NoDamage,100.00,[72;4;4;4;4;4;4;4],[],[],소대,보병
5610.000,R-1-1-Unit2,1d8f5bb0-e90a-4fea-9395-c468ec3727ba,2,SHG-UCI----D---,38.03146,127.17623,102.50826,155.69,0.7,NoDamage,100.00,[72;4;4;4;4;4;4;4],[],[],소대,보병
5640.000,R-1-1-Unit2,1d8f5bb0-e90a-4fea-9395-c468ec3727ba,2,SHG-UCI----D---,38.03131,127.17623,99.22271,155.69,0.7,NoDamage,100.00,[72;4;4;4;4;4;4;4],[],[],소대,보병
5670.000,R-1-1-Unit2,1d8f5bb0-e90a-4fea-9395-c468ec3727ba,2,SHG-UCI----D---,38.03116,127.17623,100.83881,155.69,0.7,NoDamage,100.00,[72;4;4;4;4;4;4;4],[],[],소대,보병
5700.000,R-1-1-Unit2,1d8f5bb0-e90a-4fea-9395-c468ec3727ba,2,SHG-UCI----D---,38.03101,127.17622,104.06316,155.69,0.7,NoDamage,100.00,[72;4;4;4;4;4;4;4],[],[],소대,보병
5730.000,R-1-1-Unit2,1d8f5bb0-e90a-4fea-9395-c468ec3727ba,2,SHG-UCI----D---,38.03086,127.17622,106.09608,155.69,0.7,NoDamage,100.00,[72;4;4;4;4;4;4;4],[],[],소대,보병
5760.000,R-1-1-Unit2,1d8f5bb0-e90a-4fea-9395-c468ec3727ba,2,SHG-UCI----D---,38.03071,127.17622,107.63120,155.69,0.7,NoDamage,100.00,[72;4;4;4;4;4;4;4],[],[],소대,보병
5790.000,R-1-1-Unit2,1d8f5bb0-e90a-4fea-9395-c468ec3727ba,2,SHG-UCI----D---,38.03056,127.17621,110.40229,155.69,0.7,NoDamage,100.00,[72;4;4;4;4;4;4;4],[],[],소대,보병
5820.000,R-1-1-Unit2,1d8f5bb0-e90a-4fea-9395-c468ec3727ba,2,SHG-UCI----D---,38.03041,127.17621,114.27148,155.69,0.7,NoDamage,100.00,[72;4;4;4;4;4;4;4],[],[],소대,보병
5850.000,R-1-1-Unit2,1d8f5bb0-e90a-4fea-9395-c468ec3727ba,2,SHG-UCI----D---,38.03026,127.17620,119.21774,155.69,0.7,NoDamage,100.00,[72;4;4;4;4;4;4;4],[],[],소대,보병
5880.000,R-1-1-Unit2,1d8f5bb0-e90a-4fea-9395-c468ec3727ba,2,SHG-UCI----D---,38.03011,127.17620,122.89996,155.69,0.7,NoDamage,100.00,[72;4;4;4;4;4;4;4],[],[],소대,보병
5910.000,R-1-1-Unit2,1d8f5bb0-e90a-4fea-9395-c468ec3727ba,2,SHG-UCI----D---,38.02996,127.17620,126.45818,155.69,0.7,NoDamage,100.00,[72;4;4;4;4;4;4;4],[],[],소대,보병
5940.000,R-1-1-Unit2,1d8f5bb0-e90a-4fea-9395-c468ec3727ba,2,SHG-UCI----D---,38.02981,127.17619,130.44299,155.69,0.7,NoDamage,100.00,[72;4;4;4;4;4;4;4],[],[],소대,보병
5970.000,R-1-1-Unit2,1d8f5bb0-e90a-4fea-9395-c468ec3727ba,2,SHG-UCI----D---,38.02966,127.17619,136.15927,155.69,0.7,NoDamage,100.00,[72;4;4;4;4;4;4;4],[],[],소대,보병
6000.000,R-1-1-Unit2,1d8f5bb0-e90a-4fea-9395-c468ec3727ba,2,SHG-UCI----D---,38.02951,127.17618,143.65799,155.69,0.7,NoDamage,100.00,[72;4;4;4;4;4;4;4],[],[],소대,보병
6030.000,R-1-1-Unit2,1d8f5bb0-e90a-4fea-9395-c468ec3727ba,2,SHG-UCI----D---,38.02936,127.17618,154.29849,155.69,0.7,NoDamage,100.00,[72;4;4;4;4;4;4;4],[],[],소대,보병
6060.000,R-1-1-Unit2,1d8f5bb0-e90a-4fea-9395-c468ec3727ba,2,SHG-UCI----D---,38.02921,127.17618,165.80751,155.69,0.7,NoDamage,100.00,[72;4;4;4;4;4;4;4],[],[],소대,보병
6090.000,R-1-1-Unit2,1d8f5bb0-e90a-4fea-9395-c468ec3727ba,2,SHG-UCI----D---,38.02906,127.17617,177.84258,155.69,0.7,NoDamage,100.00,[72;4;4;4;4;4;4;4],[],[],소대,보병
6120.000,R-1-1-Unit2,1d8f5bb0-e90a-4fea-9395-c468ec3727ba,2,SHG-UCI----D---,38.02891,127.17617,186.89597,155.69,0.7,NoDamage,100.00,[72;4;4;4;4;4;4;4],[],[],소대,보병
6150.000,R-1-1-Unit2,1d8f5bb0-e90a-4fea-9395-c468ec3727ba,2,SHG-UCI----D---,38.02876,127.17616,192.27164,155.69,0.7,NoDamage,100.00,[72;4;4;4;4;4;4;4],[],[],소대,보병
6180.000,R-1-1-Unit2,1d8f5bb0-e90a-4fea-9395-c468ec3727ba,2,SHG-UCI----D---,38.02861,127.17616,195.60788,155.69,0.7,NoDamage,100.00,[72;4;4;4;4;4;4;4],[],[],소대,보병
6210.000,R-1-1-Unit2,1d8f5bb0-e90a-4fea-9395-c468ec3727ba,2,SHG-UCI----D---,38.02846,127.17616,197.45651,155.69,0.7,NoDamage,100.00,[72;4;4;4;4;4;4;4],[],[],소대,보병
6240.000,R-1-1-Unit2,1d8f5bb0-e90a-4fea-9395-c468ec3727ba,2,SHG-UCI----D---,38.02831,127.17615,199.51170,155.69,0.7,NoDamage,100.00,[72;4;4;4;4;4;4;4],[],[],소대,보병
6270.000,R-1-1-Unit2,1d8f5bb0-e90a-4fea-9395-c468ec3727ba,2,SHG-UCI----D---,38.02816,127.17615,203.23593,155.69,0.7,NoDamage,100.00,[72;4;4;4;4;4;4;4],[],[],소대,보병
6300.000,R-1-1-Unit2,1d8f5bb0-e90a-4fea-9395-c468ec3727ba,2,SHG-UCI----D---,38.02801,127.17614,206.66452,155.69,0.7,NoDamage,100.00,[72;4;4;4;4;4;4;4],[],[],소대,보병
6330.000,R-1-1-Unit2,1d8f5bb0-e90a-4fea-9395-c468ec3727ba,2,SHG-UCI----D---,38.02786,127.17614,212.76924,155.69,0.7,NoDamage,100.00,[72;4;4;4;4;4;4;4],[],[],소대,보병
6360.000,R-1-1-Unit2,1d8f5bb0-e90a-4fea-9395-c468ec3727ba,2,SHG-UCI----D---,38.02771,127.17614,222.65263,155.69,0.7,NoDamage,100.00,[72;4;4;4;4;4;4;4],[],[],소대,보병
6390.000,R-1-1-Unit2,1d8f5bb0-e90a-4fea-9395-c468ec3727ba,2,SHG-UCI----D---,38.02756,127.17613,228.84668,155.69,0.7,NoDamage,100.00,[72;4;4;4;4;4;4;4],[],[],소대,보병
6420.000,R-1-1-Unit2,1d8f5bb0-e90a-4fea-9395-c468ec3727ba,2,SHG-UCI----D---,38.02741,127.17613,233.15334,155.69,0.7,NoDamage,100.00,[72;4;4;4;4;4;4;4],[],[],소대,보병
6450.000,R-1-1-Unit2,1d8f5bb0-e90a-4fea-9395-c468ec3727ba,2,SHG-UCI----D---,38.02726,127.17612,238.08557,155.69,0.7,NoDamage,100.00,[72;4;4;4;4;4;4;4],[],[],소대,보병
6480.000,R-1-1-Unit2,1d8f5bb0-e90a-4fea-9395-c468ec3727ba,2,SHG-UCI----D---,38.02711,127.17612,236.31799,155.69,0.7,NoDamage,100.00,[72;4;4;4;4;4;4;4],[],[],소대,보병
6510.000,R-1-1-Unit2,1d8f5bb0-e90a-4fea-9395-c468ec3727ba,2,SHG-UCI----D---,38.02696,127.17612,229.26915,155.69,0.7,NoDamage,100.00,[72;4;4;4;4;4;4;4],[],[],소대,보병
6540.000,R-1-1-Unit2,1d8f5bb0-e90a-4fea-9395-c468ec3727ba,2,SHG-UCI----D---,38.02681,127.17611,221.36577,155.69,0.7,NoDamage,100.00,[72;4;4;4;4;4;4;4],[],[],소대,보병
6570.000,R-1-1-Unit2,1d8f5bb0-e90a-4fea-9395-c468ec3727ba,2,SHG-UCI----D---,38.02667,127.17611,213.10965,155.69,0.7,NoDamage,100.00,[72;4;4;4;4;4;4;4],[],[],소대,보병
6600.000,R-1-1-Unit2,1d8f5bb0-e90a-4fea-9395-c468ec3727ba,2,SHG-UCI----D---,38.02652,127.17611,202.60417,155.69,0.7,NoDamage,100.00,[72;4;4;4;4;4;4;4],[],[],소대,보병
6630.000,R-1-1-Unit2,1d8f5bb0-e90a-4fea-9395-c468ec3727ba,2,SHG-UCI----D---,38.02637,127.17610,191.27505,155.69,0.7,NoDamage,100.00,[72;4;4;4;4;4;4;4],[],[],소대,보병
6660.000,R-1-1-Unit2,1d8f5bb0-e90a-4fea-9395-c468ec3727ba,2,SHG-UCI----D---,38.02622,127.17610,180.54799,155.69,0.7,NoDamage,100.00,[72;4;4;4;4;4;4;4],[],[],소대,보병
6690.000,R-1-1-Unit2,1d8f5bb0-e90a-4fea-9395-c468ec3727ba,2,SHG-UCI----D---,38.02607,127.17609,170.35596,155.69,0.7,NoDamage,100.00,[72;4;4;4;4;4;4;4],[],[],소대,보병
6720.000,R-1-1-Unit2,1d8f5bb0-e90a-4fea-9395-c468ec3727ba,2,SHG-UCI----D---,38.02592,127.17609,161.90205,155.69,0.7,NoDamage,100.00,[72;4;4;4;4;4;4;4],[],[],소대,보병
6750.000,R-1-1-Unit2,1d8f5bb0-e90a-4fea-9395-c468ec3727ba,2,SHG-UCI----D---,38.02577,127.17609,152.98653,155.69,0.7,NoDamage,100.00,[72;4;4;4;4;4;4;4],[],[],소대,보병
6780.000,R-1-1-Unit2,1d8f5bb0-e90a-4fea-9395-c468ec3727ba,2,SHG-UCI----D---,38.02562,127.17608,145.81216,155.69,0.7,NoDamage,100.00,[72;4;4;4;4;4;4;4],[],[],소대,보병
6810.000,R-1-1-Unit2,1d8f5bb0-e90a-4fea-9395-c468ec3727ba,2,SHG-UCI----D---,38.02547,127.17608,138.39877,155.69,0.7,NoDamage,100.00,[72;4;4;4;4;4;4;4],[],[],소대,보병
6840.000,R-1-1-Unit2,1d8f5bb0-e90a-4fea-9395-c468ec3727ba,2,SHG-UCI----D---,38.02532,127.17607,132.56375,155.70,0.7,NoDamage,100.00,[72;4;4;4;4;4;4;4],[],[],소대,보병
6870.000,R-1-1-Unit2,1d8f5bb0-e90a-4fea-9395-c468ec3727ba,2,SHG-UCI----D---,38.02517,127.17607,128.01506,155.70,0.7,NoDamage,100.00,[72;4;4;4;4;4;4;4],[],[],소대,보병
6900.000,R-1-1-Unit2,1d8f5bb0-e90a-4fea-9395-c468ec3727ba,2,SHG-UCI----D---,38.02502,127.17607,123.82206,155.70,0.7,NoDamage,100.00,[72;4;4;4;4;4;4;4],[],[],소대,보병
6930.000,R-1-1-Unit2,1d8f5bb0-e90a-4fea-9395-c468ec3727ba,2,SHG-UCI----D---,38.02487,127.17606,118.34523,155.70,0.7,NoDamage,100.00,[72;4;4;4;4;4;4;4],[],[],소대,보병
6960.000,R-1-1-Unit2,1d8f5bb0-e90a-4fea-9395-c468ec3727ba,2,SHG-UCI----D---,38.02472,127.17606,112.59071,155.70,0.7,NoDamage,100.00,[72;4;4;4;4;4;4;4],[],[],소대,보병
6990.000,R-1-1-Unit2,1d8f5bb0-e90a-4fea-9395-c468ec3727ba,2,SHG-UCI----D---,38.02457,127.17605,106.29594,155.70,0.7,NoDamage,100.00,[72;4;4;4;4;4;4;4],[],[],소대,보병
7020.000,R-1-1-Unit2,1d8f5bb0-e90a-4fea-9395-c468ec3727ba,2,SHG-UCI----D---,38.02442,127.17605,102.14783,155.70,0.7,NoDamage,100.00,[72;4;4;4;4;4;4;4],[],[],소대,보병
7050.000,R-1-1-Unit2,1d8f5bb0-e90a-4fea-9395-c468ec3727ba,2,SHG-UCI----D---,38.02427,127.17605,100.72232,155.70,0.7,NoDamage,100.00,[72;4;4;4;4;4;4;4],[],[],소대,보병
7080.000,R-1-1-Unit2,1d8f5bb0-e90a-4fea-9395-c468ec3727ba,2,SHG-UCI----D---,38.02412,127.17604,99.47160,155.70,0.7,NoDamage,100.00,[72;4;4;4;4;4;4;4],[],[],소대,보병
7110.000,R-1-1-Unit2,1d8f5bb0-e90a-4fea-9395-c468ec3727ba,2,SHG-UCI----D---,38.02397,127.17604,97.41576,155.70,0.7,NoDamage,100.00,[72;4;4;4;4;4;4;4],[],[],소대,보병
7140.000,R-1-1-Unit2,1d8f5bb0-e90a-4fea-9395-c468ec3727ba,2,SHG-UCI----D---,38.02382,127.17603,93.44678,155.70,0.7,NoDamage,100.00,[72;4;4;4;4;4;4;4],[],[],소대,보병
7170.000,R-1-1-Unit2,1d8f5bb0-e90a-4fea-9395-c468ec3727ba,2,SHG-UCI----D---,38.02367,127.17603,89.94637,155.70,0.7,NoDamage,100.00,[72;4;4;4;4;4;4;4],[],[],소대,보병
7200.000,R-1-1-Unit2,1d8f5bb0-e90a-4fea-9395-c468ec3727ba,2,SHG-UCI----D---,38.02352,127.17603,86.13309,155.70,0.7,NoDamage,100.00,[72;4;4;4;4;4;4;4],[],[],소대,보병
7230.000,R-1-1-Unit2,1d8f5bb0-e90a-4fea-9395-c468ec3727ba,2,SHG-UCI----D---,38.02337,127.17602,83.36860,155.70,0.7,NoDamage,100.00,[72;4;4;4;4;4;4;4],[],[],소대,보병
7260.000,R-1-1-Unit2,1d8f5bb0-e90a-4fea-9395-c468ec3727ba,2,SHG-UCI----D---,38.02322,127.17602,80.94283,155.70,0.7,NoDamage,100.00,[72;4;4;4;4;4;4;4],[],[],소대,보병
7290.000,R-1-1-Unit2,1d8f5bb0-e90a-4fea-9395-c468ec3727ba,2,SHG-UCI----D---,38.02307,127.17601,78.37693,155.70,0.7,NoDamage,100.00,[72;4;4;4;4;4;4;4],[],[],소대,보병
7320.000,R-1-1-Unit2,1d8f5bb0-e90a-4fea-9395-c468ec3727ba,2,SHG-UCI----D---,38.02292,127.17601,75.43426,155.70,0.7,NoDamage,100.00,[72;4;4;4;4;4;4;4],[],[],소대,보병
7350.000,R-1-1-Unit2,1d8f5bb0-e90a-4fea-9395-c468ec3727ba,2,SHG-UCI----D---,38.02277,127.17601,73.49891,155.70,0.7,NoDamage,100.00,[72;4;4;4;4;4;4;4],[],[],소대,보병
7380.000,R-1-1-Unit2,1d8f5bb0-e90a-4fea-9395-c468ec3727ba,2,SHG-UCI----D---,38.02262,127.17600,72.28162,155.70,0.7,NoDamage,100.00,[72;4;4;4;4;4;4;4],[],[],소대,보병
7410.000,R-1-1-Unit2,1d8f5bb0-e90a-4fea-9395-c468ec3727ba,2,SHG-UCI----D---,38.02247,127.17600,70.85030,155.70,0.7,NoDamage,100.00,[72;4;4;4;4;4;4;4],[],[],소대,보병
7440.000,R-1-1-Unit2,1d8f5bb0-e90a-4fea-9395-c468ec3727ba,2,SHG-UCI----D---,38.02232,127.17600,69.70839,155.70,0.7,NoDamage,100.00,[72;4;4;4;4;4;4;4],[],[],소대,보병
7470.000,R-1-1-Unit2,1d8f5bb0-e90a-4fea-9395-c468ec3727ba,2,SHG-UCI----D---,38.02217,127.17599,68.13297,155.70,0.7,NoDamage,100.00,[72;4;4;4;4;4;4;4],[],[],소대,보병
7500.000,R-1-1-Unit2,1d8f5bb0-e90a-4fea-9395-c468ec3727ba,2,SHG-UCI----D---,38.02203,127.17599,65.84915,155.70,0.7,NoDamage,100.00,[72;4;4;4;4;4;4;4],[],[],소대,보병
7530.000,R-1-1-Unit2,1d8f5bb0-e90a-4fea-9395-c468ec3727ba,2,SHG-UCI----D---,38.02188,127.17598,63.56535,155.70,0.7,NoDamage,100.00,[72;4;4;4;4;4;4;4],[],[],소대,보병
7560.000,R-1-1-Unit2,1d8f5bb0-e90a-4fea-9395-c468ec3727ba,2,SHG-UCI----D---,38.02173,127.17598,63.00000,155.70,0.7,NoDamage,100.00,[72;4;4;4;4;4;4;4],[],[],소대,보병
7590.000,R-1-1-Unit2,1d8f5bb0-e90a-4fea-9395-c468ec3727ba,2,SHG-UCI----D---,38.02158,127.17598,62.00000,155.70,0.7,NoDamage,100.00,[72;4;4;4;4;4;4;4],[],[],소대,보병
7620.000,R-1-1-Unit2,1d8f5bb0-e90a-4fea-9395-c468ec3727ba,2,SHG-UCI----D---,38.02143,127.17597,61.85695,155.70,0.7,NoDamage,100.00,[72;4;4;4;4;4;4;4],[],[],소대,보병
7650.000,R-1-1-Unit2,1d8f5bb0-e90a-4fea-9395-c468ec3727ba,2,SHG-UCI----D---,38.02128,127.17597,60.72130,155.70,0.7,NoDamage,100.00,[72;4;4;4;4;4;4;4],[],[],소대,보병
7680.000,R-1-1-Unit2,1d8f5bb0-e90a-4fea-9395-c468ec3727ba,2,SHG-UCI----D---,38.02113,127.17596,59.57314,155.70,0.7,NoDamage,100.00,[72;4;4;4;4;4;4;4],[],[],소대,보병
7710.000,R-1-1-Unit2,1d8f5bb0-e90a-4fea-9395-c468ec3727ba,2,SHG-UCI----D---,38.02098,127.17596,58.97837,155.70,0.7,NoDamage,100.00,[72;4;4;4;4;4;4;4],[],[],소대,보병
7740.000,R-1-1-Unit2,1d8f5bb0-e90a-4fea-9395-c468ec3727ba,2,SHG-UCI----D---,38.02083,127.17596,58.26966,155.70,0.7,NoDamage,100.00,[72;4;4;4;4;4;4;4],[],[],소대,보병
7770.000,R-1-1-Unit2,1d8f5bb0-e90a-4fea-9395-c468ec3727ba,2,SHG-UCI----D---,38.02068,127.17595,58.00000,155.70,0.7,NoDamage,100.00,[72;4;4;4;4;4;4;4],[],[],소대,보병
7800.000,R-1-1-Unit2,1d8f5bb0-e90a-4fea-9395-c468ec3727ba,2,SHG-UCI----D---,38.02053,127.17595,58.00000,155.70,0.7,NoDamage,100.00,[72;4;4;4;4;4;4;4],[],[],소대,보병
7830.000,R-1-1-Unit2,1d8f5bb0-e90a-4fea-9395-c468ec3727ba,2,SHG-UCI----D---,38.02038,127.17594,58.27277,155.70,0.7,NoDamage,100.00,[72;4;4;4;4;4;4;4],[],[],소대,보병
7860.000,R-1-1-Unit2,1d8f5bb0-e90a-4fea-9395-c468ec3727ba,2,SHG-UCI----D---,38.02023,127.17594,58.94771,155.70,0.7,NoDamage,100.00,[72;4;4;4;4;4;4;4],[],[],소대,보병
7890.000,R-1-1-Unit2,1d8f5bb0-e90a-4fea-9395-c468ec3727ba,2,SHG-UCI----D---,38.02008,127.17594,58.45349,155.70,0.7,NoDamage,100.00,[72;4;4;4;4;4;4;4],[],[],소대,보병
7920.000,R-1-1-Unit2,1d8f5bb0-e90a-4fea-9395-c468ec3727ba,2,SHG-UCI----D---,38.01993,127.17593,58.00000,155.70,0.7,NoDamage,100.00,[72;4;4;4;4;4;4;4],[],[],소대,보병
7950.000,R-1-1-Unit2,1d8f5bb0-e90a-4fea-9395-c468ec3727ba,2,SHG-UCI----D---,38.01978,127.17593,58.00000,155.70,0.7,NoDamage,100.00,[72;4;4;4;4;4;4;4],[],[],소대,보병
7980.000,R-1-1-Unit2,1d8f5bb0-e90a-4fea-9395-c468ec3727ba,2,SHG-UCI----D---,38.01963,127.17592,57.15409,155.70,0.7,NoDamage,100.00,[72;4;4;4;4;4;4;4],[],[],소대,보병
8010.000,R-1-1-Unit2,1d8f5bb0-e90a-4fea-9395-c468ec3727ba,2,SHG-UCI----D---,38.01948,127.17592,57.00000,155.70,0.7,NoDamage,100.00,[72;4;4;4;4;4;4;4],[],[],소대,보병
8040.000,R-1-1-Unit2,1d8f5bb0-e90a-4fea-9395-c468ec3727ba,2,SHG-UCI----D---,38.01933,127.17592,55.95230,155.70,0.7,NoDamage,100.00,[72;4;4;4;4;4;4;4],[],[],소대,보병
8070.000,R-1-1-Unit2,1d8f5bb0-e90a-4fea-9395-c468ec3727ba,2,SHG-UCI----D---,38.01918,127.17591,55.43870,155.70,0.7,NoDamage,100.00,[72;4;4;4;4;4;4;4],[],[],소대,보병
8100.000,R-1-1-Unit2,1d8f5bb0-e90a-4fea-9395-c468ec3727ba,2,SHG-UCI----D---,38.01903,127.17591,55.00000,155.70,0.7,NoDamage,100.00,[72;4;4;4;4;4;4;4],[],[],소대,보병
8130.000,R-1-1-Unit2,1d8f5bb0-e90a-4fea-9395-c468ec3727ba,2,SHG-UCI----D---,38.01888,127.17590,55.85670,155.70,0.7,NoDamage,100.00,[72;4;4;4;4;4;4;4],[],[],소대,보병
8160.000,R-1-1-Unit2,1d8f5bb0-e90a-4fea-9395-c468ec3727ba,2,SHG-UCI----D---,38.01873,127.17590,56.85242,155.70,0.7,NoDamage,100.00,[72;4;4;4;4;4;4;4],[],[],소대,보병
8190.000,R-1-1-Unit2,1d8f5bb0-e90a-4fea-9395-c468ec3727ba,2,SHG-UCI----D---,38.01858,127.17590,56.16074,155.70,0.7,NoDamage,100.00,[72;4;4;4;4;4;4;4],[4],[994.74046],소대,보병
8220.000,R-1-1-Unit2,1d8f5bb0-e90a-4fea-9395-c468ec3727ba,2,SHG-UCI----D---,38.01843,127.17589,56.00000,155.70,0.7,NoDamage,100.00,[72;4;4;4;4;4;4;4],[4;5],[961.97089;968.12970],소대,보병
8250.000,R-1-1-Unit2,1d8f5bb0-e90a-4fea-9395-c468ec3727ba,2,SHG-UCI----D---,38.01828,127.17589,55.00000,155.70,0.7,NoDamage,100.00,[72;4;4;4;4;4;4;4],[4;5],[929.23316;937.07577],소대,보병
8280.000,R-1-1-Unit2,1d8f5bb0-e90a-4fea-9395-c468ec3727ba,2,SHG-UCI----D---,38.01813,127.17589,55.26497,155.70,0.7,NoDamage,100.00,[72;4;4;4;4;4;4;4],[4;5],[896.53073;906.17533],소대,보병
8310.000,R-1-1-Unit2,1d8f5bb0-e90a-4fea-9395-c468ec3727ba,2,SHG-UCI----D---,38.01798,127.17588,56.00000,155.70,0.7,NoDamage,100.00,[72;4;4;4;4;4;4;4],[4;5],[863.86763;875.44461],소대,보병
8340.000,R-1-1-Unit2,1d8f5bb0-e90a-4fea-9395-c468ec3727ba,2,SHG-UCI----D---,38.01783,127.17588,54.53616,155.70,0.7,NoDamage,100.00,[72;4;4;4;4;4;4;4],[4;5],[831.24849;844.90215],소대,보병
8370.000,R-1-1-Unit2,1d8f5bb0-e90a-4fea-9395-c468ec3727ba,2,SHG-UCI----D---,38.01768,127.17587,51.43952,155.70,0.7,NoDamage,100.00,[72;4;4;4;4;4;4;4],[4;5;10],[798.67867;814.56913;983.51555],소대,보병
8400.000,R-1-1-Unit2,1d8f5bb0-e90a-4fea-9395-c468ec3727ba,2,SHG-UCI----D---,38.01753,127.17587,50.09128,155.70,0.7,NoDamage,100.00,[72;4;4;4;4;4;4;4],[4;5;10],[766.16450;784.46982;950.50162],소대,보병
8430.000,R-1-1-Unit2,1d8f5bb0-e90a-4fea-9395-c468ec3727ba,2,SHG-UCI----D---,38.01738,127.17587,50.00000,155.70,0.7,NoDamage,100.00,[72;4;4;4;4;4;4;4],[4;5;10],[733.71336;754.63221;917.50240],소대,보병
8460.000,R-1-1-Unit2,1d8f5bb0-e90a-4fea-9395-c468ec3727ba,2,SHG-UCI----D---,38.01724,127.17586,50.00000,155.70,0.7,NoDamage,100.00,[72;4;4;4;4;4;4;4],[4;5;10],[701.33399;725.08861;884.51953],소대,보병
8490.000,R-1-1-Unit2,1d8f5bb0-e90a-4fea-9395-c468ec3727ba,2,SHG-UCI----D---,38.01709,127.17586,50.00000,155.70,0.7,NoDamage,100.00,[72;4;4;4;4;4;4;4],[4;5;10],[669.03683;695.87645;851.55492],소대,보병
8520.000,R-1-1-Unit2,1d8f5bb0-e90a-4fea-9395-c468ec3727ba,2,SHG-UCI----D---,38.01694,127.17585,50.00000,155.70,0.7,NoDamage,100.00,[72;4;4;4;4;4;4;4],[4;5;10],[636.83439;667.03927;818.61078],소대,보병
8550.000,R-1-1-Unit2,1d8f5bb0-e90a-4fea-9395-c468ec3727ba,2,SHG-UCI----D---,38.01679,127.17585,50.54212,155.70,0.7,NoDamage,100.00,[72;4;4;4;4;4;4;4],[4;5;6;10],[604.74177;638.62789;968.80777;785.68966],소대,보병
8580.000,R-1-1-Unit2,1d8f5bb0-e90a-4fea-9395-c468ec3727ba,2,SHG-UCI----D---,38.01664,127.17585,53.73611,155.70,0.7,NoDamage,100.00,[72;4;4;4;4;4;4;4],[4;5;6;10],[572.77746;610.70175;935.86433;752.79462],소대,보병
8610.000,R-1-1-Unit2,1d8f5bb0-e90a-4fea-9395-c468ec3727ba,2,SHG-UCI----D---,38.01649,127.17584,55.82594,155.70,0.7,NoDamage,100.00,[72;4;4;4;4;4;4;4],[4;5;6;10],[540.96421;583.33053;902.94099;719.92919],소대,보병
8640.000,R-1-1-Unit2,1d8f5bb0-e90a-4fea-9395-c468ec3727ba,2,SHG-UCI----D---,38.01634,127.17584,56.96784,155.70,0.7,NoDamage,91.30,[72;4;4;4;4;4;4;4],[4;5;6;10],[509.33028;556.59609;870.04001;687.09765],소대,보병
8670.000,R-1-1-Unit2,1d8f5bb0-e90a-4fea-9395-c468ec3727ba,2,SHG-UCI----D---,38.01619,127.17583,56.11200,155.70,0.7,NoDamage,83.09,[72;4;4;4;4;4;4;4],[4;5;6;10],[477.91134;530.59472;837.16407;654.30510],소대,보병
8700.000,R-1-1-Unit2,1d8f5bb0-e90a-4fea-9395-c468ec3727ba,2,SHG-UCI----D---,38.01604,127.17583,57.27873,155.70,0.7,NoDamage,80.35,[72;4;4;4;4;4;4;4],[4;5;6;10],[446.75272;505.43952;804.31619;621.55770],소대,보병
8730.000,R-1-1-Unit2,1d8f5bb0-e90a-4fea-9395-c468ec3727ba,2,SHG-UCI----D---,38.01589,127.17583,58.45061,155.70,0.7,SlightDamage,72.14,[72;4;4;4;4;4;4;4],[4;5;6;10],[415.91294;481.26324;771.50000;588.86299],소대,보병
8760.000,R-1-1-Unit2,1d8f5bb0-e90a-4fea-9395-c468ec3727ba,2,SHG-UCI----D---,38.01574,127.17582,60.15796,155.70,0.7,SlightDamage,69.40,[72;4;4;4;4;4;4;4],[4;5;6;10],[385.46851;458.22085;738.71969;556.23025],소대,보병
8790.000,R-1-1-Unit2,1d8f5bb0-e90a-4fea-9395-c468ec3727ba,2,SHG-UCI----D---,38.01559,127.17582,62.47174,155.70,0.7,SlightDamage,61.19,[72;4;4;4;4;4;4;4],[4;5;6;10],[355.52105;436.49193;705.98027;523.67107],소대,보병
8820.000,R-1-1-Unit2,1d8f5bb0-e90a-4fea-9395-c468ec3727ba,2,SHG-UCI----D---,38.01544,127.17581,64.08663,155.70,0.7,SlightDamage,58.45,[72;4;4;4;4;4;4;4],[4;5;6;10],[326.20744;416.28226;673.28771;491.20009],소대,보병
8850.000,R-1-1-Unit2,1d8f5bb0-e90a-4fea-9395-c468ec3727ba,2,SHG-UCI----D---,38.01529,127.17581,63.56273,155.70,0.7,SlightDamage,55.72,[72;4;4;4;4;4;4;4],[4;5;6;10],[297.71495;397.82340;640.64918;458.83601],소대,보병
8880.000,R-1-1-Unit2,1d8f5bb0-e90a-4fea-9395-c468ec3727ba,2,SHG-UCI----D---,38.01514,127.17581,61.28937,155.70,0.7,SlightDamage,55.72,[72;4;4;4;4;4;4;4],[4;5;6;10],[270.30344;381.36967;608.07336;426.60322],소대,보병
8910.000,R-1-1-Unit2,1d8f5bb0-e90a-4fea-9395-c468ec3727ba,2,SHG-UCI----D---,38.01514,127.17581,61.28937,335.70,0.0,SlightDamage,52.98,[72;4;4;4;4;4;4;4],[4;6;10],[257.97329;591.52933;410.18874],소대,보병
8940.000,R-1-1-Unit2,1d8f5bb0-e90a-4fea-9395-c468ec3727ba,2,SHG-UCI----D---,38.01499,127.17581,60.37243,153.49,0.6,SlightDamage,50.24,[72;4;4;4;4;4;4;4],[4;6;10],[231.74432;579.21613;377.92486],소대,보병
8970.000,R-1-1-Unit2,1d8f5bb0-e90a-4fea-9395-c468ec3727ba,2,SHG-UCI----D---,38.01484,127.17582,61.33596,153.49,0.6,ModerateDamage,42.03,[72;4;4;4;4;4;4;4],[4;6;10],[206.68768;563.41025;370.51142],소대,보병
